Pipeline,Node1,Node2
0,8,11
1,11,8
2,8,29
3,29,8
4,11,29
5,29,11
6,6,9
7,9,6
8,0,10
9,10,0
10,10,45
11,45,10
12,8,17
13,17,8
14,17,29
15,29,17
16,0,17
17,17,0
18,17,45
19,45,17
20,0,8
21,8,0
22,35,49
23,49,35
24,9,18
25,18,9
26,12,18
27,18,12
28,6,31
29,31,6
30,6,23
31,23,6
32,23,31
33,31,23
34,9,31
35,31,9
36,6,44
37,44,6
38,3,44
39,44,3
40,1,3
41,3,1
42,3,30
43,30,3
44,1,44
45,44,1
46,2,5
47,5,2
48,5,30
49,30,5
50,2,30
51,30,2
52,5,11
53,11,5
54,5,29
55,29,5
56,3,16
57,16,3
58,6,16
59,16,6
60,2,16
61,16,2
62,16,30
63,30,16
64,11,43
65,43,11
66,22,43
67,43,22
68,8,43
69,43,8
70,17,21
71,21,17
72,21,29
73,29,21
74,21,39
75,39,21
76,25,39
77,39,25
78,1,33
79,33,1
80,30,33
81,33,30
82,33,36
83,36,33
84,13,35
85,35,13
86,13,49
87,49,13
88,13,31
89,31,13
90,13,23
91,23,13
92,4,12
93,12,4
94,4,14
95,14,4
96,4,18
97,18,4
98,18,38
99,38,18
100,9,38
101,38,9
102,4,38
103,38,4
104,14,38
105,38,14
106,15,42
107,42,15
108,15,34
109,34,15
110,39,41
111,41,39
112,5,41
113,41,5
114,30,41
115,41,30
116,33,41
117,41,33
118,21,40
119,40,21
120,25,40
121,40,25
122,17,40
123,40,17
124,40,45
125,45,40
126,19,37
127,37,19
128,19,20
129,20,19
130,7,19
131,19,7
132,7,37
133,37,7
134,7,27
135,27,7
136,27,37
137,37,27
138,27,39
139,39,27
140,26,31
141,31,26
142,24,31
143,31,24
144,24,38
145,38,24
146,24,26
147,26,24
148,14,24
149,24,14
150,28,44
151,44,28
152,23,28
153,28,23
154,28,42
155,42,28
156,42,44
157,44,42
158,36,48
159,48,36
160,1,48
161,48,1
162,13,46
163,46,13
164,46,49
165,49,46
166,26,46
167,46,26
168,28,47
169,47,28
170,23,47
171,47,23
172,42,47
173,47,42
174,35,47
175,47,35
176,13,47
177,47,13
178,32,48
179,48,32
180,32,34
181,34,32
182,32,44
183,44,32
184,15,32
185,32,15
